feature,gain
Column_0,3763312.487033844
Column_10,627111.1016616821
Column_4,613337.8655586243
Column_6,553924.5972213745
Column_1,551727.1530227661
Column_9,217871.55325317383
Column_11,211000.96587753296
Column_2,148614.87133789062
Column_8,33485.01267242432
Column_12,29211.398902893066
Column_5,13918.582065582275
Column_7,11043.178287506104
Column_3,7433.48176574707
