{
  "val_threshold_f1": 0.25745771271927825,
  "threshold": 0.6626780944657067,
  "test_metrics": {
    "roc_auc": 0.737474713372759,
    "pr_auc": 0.18261025826165406,
    "precision": 0.19068654518682127,
    "recall": 0.396327467482785,
    "f1": 0.257487262333789,
    "brier": 0.20831144294633944,
    "tp": 15540,
    "fp": 65955,
    "tn": 451237,
    "fn": 23670
  }
}